Author,Total_Comments,Posts,Reddit,Score,Url,Votes,Submission,Title
GallowBoob,25,nnsxyi,u_GallowBoob,961,https://i.redd.it/0gj755kon3271.jpg,961,1970-01-01 00:00:01.622311564,This is a “take a breath before you continue scrolling” checkpoint
GallowBoob,66,fgghrs,u_GallowBoob,7682,https://i.redd.it/41i4qishgvl41.jpg,7682,1970-01-01 00:00:01.583857665,‪Everything in balance.‬ ‪Except karma ⬆️‬⬆️⬆️
GallowBoob,10401,gh5c5i,nextfuckinglevel,263695,https://v.redd.it/hxxifx1a0zx41,263695,1970-01-01 00:00:01.589130820,This man jogged 2 miles through his neighborhood carrying a TV in his hands to prove that “looking like a suspect” who committed a robbery isn’t a good enough excuse for the murder of Ahmaud Arbery. Neighbors waived hello to him as he jogged.
GallowBoob,2015,fy0ah5,interestingasfuck,187614,https://i.redd.it/119bprqmtur41.jpg,187614,1970-01-01 00:00:01.586465062,A special effects artist made himself a mask for the pandemic and i can’t get over it
GallowBoob,4334,cv31p6,interestingasfuck,181504,https://gfycat.com/edibleunrulyargentineruddyduck,181504,1970-01-01 00:00:01.566700999,Protestors in Hong Kong are cutting down facial recognition towers.
GallowBoob,5249,5pqxdk,pics,157904,http://i.imgur.com/7aGdxhe.jpg,157904,1970-01-01 00:00:01.485198917,Don't forget about this
GallowBoob,3735,6suwhn,pics,144842,http://i.imgur.com/lIuLT0z.jpg,144842,1970-01-01 00:00:01.502386418,Hairswap
GallowBoob,805,gg05q0,interestingasfuck,137767,https://gfycat.com/inferiorglamorousjellyfish,137767,1970-01-01 00:00:01.588967242,This dude made a custom Zoom background for his next meeting where he brings himself a cup of tea (by Jaws19show)
GallowBoob,3352,6sf506,aww,132775,https://gfycat.com/WavyHelplessChameleon,132775,1970-01-01 00:00:01.502214341,Service pitbull training to protect his owner's head when she has a seizure
GallowBoob,1101,ftl8q8,interestingasfuck,131017,https://i.redd.it/ttk87yklbeq41.jpg,131017,1970-01-01 00:00:01.585829441,This tiny lizard perfectly shedding looks like he's wearing a tiny lizard space suit
GallowBoob,6196,78xkze,pics,127713,https://i.redd.it/794ayvylk7uz.jpg,127713,1970-01-01 00:00:01.509042902,Looks like Donald Trump wrote to New York Magazine in 1992.
GallowBoob,929,g7rsju,aww,123307,https://i.redd.it/4tu3oxha5yu41.jpg,123307,1970-01-01 00:00:01.587812848,Dog food doesnt grow on trees
GallowBoob,4915,f6qfs6,nextfuckinglevel,122080,https://i.redd.it/p05r1fnfo1i41.jpg,122080,1970-01-01 00:00:01.582189583,This happened two days ago in the US: students at Kennedy Catholic High School have left their classrooms and are staging a sit-in in their hallways to protest the forced resignation of two LGBT teachers. Strength in numbers.
GallowBoob,2021,dr360a,memes,121502,https://i.redd.it/au4n35i75iw31.png,121502,1970-01-01 00:00:01.572800278,In case you were living under a rock
GallowBoob,1701,6j0ycp,aww,120755,http://i.imgur.com/4nlgwoc.jpg,120755,1970-01-01 00:00:01.498221842,The animal handlers at the Oregon Zoo took Elephant around to meet some other animals. The sea lions were her favorite.
GallowBoob,2208,ffd6ds,nextfuckinglevel,117908,https://v.redd.it/b597fqwkkgl41,117908,1970-01-01 00:00:01.583677457,He asked a blind classmate to prom with chocolates layed out in braille
GallowBoob,1604,ew8t5f,nextfuckinglevel,117089,https://v.redd.it/q6ebcsg29yd41,117089,1970-01-01 00:00:01.580404770,Someone made a goose that you download and it destroys your computer (by SamNChiet)
GallowBoob,3335,7oedz6,pics,116097,https://i.imgur.com/CvaglCB.jpg,116097,1970-01-01 00:00:01.515187026,Father and son decides to get in shape together
GallowBoob,635,cs1yk5,aww,113821,https://i.redd.it/9ijhdgiyx7h31.jpg,113821,1970-01-01 00:00:01.566139049,This pitbull pulled out his teddy to show it to the dog of the other car.
GallowBoob,3377,o4d2km,interestingasfuck,113167,https://i.redd.it/gg6mdm8k2h671.jpg,113167,1970-01-01 00:00:01.624217350,"Swap your boring lawn grass with red creeping thyme, grows 3 inch tall max, requires no mowing, lovely lemony scent, can repel mosquitoes, grows all year long, better for local biodiversity."
GallowBoob,1578,lb4bfr,interestingasfuck,113041,https://i.redd.it/v7rij955a4f61.jpg,113041,1970-01-01 00:00:01.612294620,This forest noise amplifier is what my life has been missing
GallowBoob,1925,fvaw0y,nextfuckinglevel,109239,https://v.redd.it/mfssof8ssyq41,109239,1970-01-01 00:00:01.586077419,He drove over 20 hours to find this diamond ring someone threw in the water on a tiktok video (by Scuba Jake)
GallowBoob,1532,6a6oc8,aww,109113,https://i.redd.it/rl1cjfy19iwy.jpg,109113,1970-01-01 00:00:01.494348974,This dog has a thing for rooftops apparently
GallowBoob,2100,blaabg,pics,108763,https://i.redd.it/km8af9vufkw21.jpg,108763,1970-01-01 00:00:01.557137541,The winning sand sculpture of 2019’s Texas Sand Sculpture Festival
GallowBoob,3068,fwideq,interestingasfuck,107262,https://i.redd.it/ab32fitukdr41.jpg,107262,1970-01-01 00:00:01.586256294,These 70s ‘conversation pits’ need to be brought back
GallowBoob,1304,79ad1b,aww,106515,https://i.imgur.com/J8KTY8L.gifv,106515,1970-01-01 00:00:01.509200757,"""This is bullshit"""
GallowBoob,2629,6l6erk,pics,104796,https://i.redd.it/xxa35syl4k7z.jpg,104796,1970-01-01 00:00:01.499165983,Girl got her phone taken away by her parents and later her dad slid this under her door
GallowBoob,1071,g2hads,aww,104781,https://i.imgur.com/a2PWkRa.gifv,104781,1970-01-01 00:00:01.587051674,"""Beam me up, human"""
GallowBoob,2438,aa94qc,interestingasfuck,104065,https://i.redd.it/wop2z8w1vz621.jpg,104065,1970-01-01 00:00:01.545992207,"Saying goodbye to a species, the very last male Northern White Rhino. A powerful photo of 2018."
GallowBoob,1457,dhgvg6,aww,103805,https://gfycat.com/cooperativethisamericanbulldog,103805,1970-01-01 00:00:01.571002148,When you're sorting the tank filters and a big boye wants cuddles
GallowBoob,989,dekkvh,trashy,102317,https://i.redd.it/9xlkepr6v4r31.jpg,102317,1970-01-01 00:00:01.570460278,Celebrities are people too
GallowBoob,1754,i6usfk,interestingasfuck,101826,https://gfycat.com/severeshowykoala,101826,1970-01-01 00:00:01.597020069,This good boy carries a 30-pound weight everywhere he goes as his toy
GallowBoob,586,7aunt7,aww,101308,https://i.imgur.com/6tb3km2.gifv,101308,1970-01-01 00:00:01.509844105,Four swinging fluffs
GallowBoob,2942,edwmh7,nextfuckinglevel,101192,https://i.redd.it/nm1e3tgwf2641.jpg,101192,1970-01-01 00:00:01.576968645,These drug prevention posters from a campaign in Norway are spot on
GallowBoob,2246,aa94on,pics,101032,https://i.redd.it/ieblj0e0vz621.jpg,101032,1970-01-01 00:00:01.545992193,"Saying goodbye to a species, the very last male Northern White Rhino. A powerful photo of 2018."
GallowBoob,1766,crltvi,interestingasfuck,100667,https://i.redd.it/md7huegjb0h31.jpg,100667,1970-01-01 00:00:01.566046761,Apprently owls have a pair of slender legs under their fluff
GallowBoob,979,6uwr2r,aww,100090,https://gfycat.com/ShamelessLastingDowitcher,100090,1970-01-01 00:00:01.503247580,The best kind of good boy helping with shopping
GallowBoob,1339,70mrl6,pics,100012,https://i.redd.it/noin3rco7fmz.jpg,100012,1970-01-01 00:00:01.505644190,Half of all boxing photos look like gay weddings
GallowBoob,659,cloesr,oddlysatisfying,99400,https://i.imgur.com/bJBaTGu.jpg,99400,1970-01-01 00:00:01.564869329,This Mystique cosplay mid merge (by magnetomystique)
GallowBoob,2240,6rz2jo,pics,99357,http://i.imgur.com/dbPk5tN.jpg,99357,1970-01-01 00:00:01.502034704,This proud Aboriginal elder travels 1864 miles to be at his granddaughter's graduation.
GallowBoob,1427,9usiey,pics,99172,https://i.imgur.com/nPocnKc.jpg,99172,1970-01-01 00:00:01.541539035,These young guys saved their elderly neighbor Mr. C from a house fire
GallowBoob,1378,bwqs1p,interestingasfuck,98466,https://i.redd.it/4yaldq59ad231.jpg,98466,1970-01-01 00:00:01.559666003,A German circus is using Holograms instead of live animals for a cruelty-free magical experience. And it's cool.
GallowBoob,576,7eyrwt,aww,97833,https://i.imgur.com/4qetcdV.jpg,97833,1970-01-01 00:00:01.511432766,Posing for a beautiful shot by the lake
GallowBoob,883,g3wt9z,nextfuckinglevel,97420,https://v.redd.it/clnd2xdnont41,97420,1970-01-01 00:00:01.587250410,"A taxi driver in Spain was known for taking patients to the hospital free of charge lately. He was coming to pick up a patient one day when doctors and nurses surprised him with a standing ovation, plus an envelope of money."
GallowBoob,876,enp69o,nextfuckinglevel,96535,https://i.imgur.com/fyit87p.jpg,96535,1970-01-01 00:00:01.578844976,Sydney Opera House projection thanking the fire fighters
GallowBoob,757,dchobw,memes,96379,https://i.redd.it/qo9ivebje7q31.jpg,96379,1970-01-01 00:00:01.570055150,It really do be like that
GallowBoob,1635,4qo3ia,pics,96184,http://i.imgur.com/6uhAx81.jpg,96184,1970-01-01 00:00:01.467321874,"""I shall name him, birdie Sanders"""
GallowBoob,1236,finmo4,nextfuckinglevel,95845,https://v.redd.it/sopcxawosom41,95845,1970-01-01 00:00:01.584212880,"How to easily explain the importance of washing hands with soap to small children: You only need water, ground black pepper and soap (by Valokuvaaja Ari Mäkiö)"
GallowBoob,617,as9d1k,aww,95702,https://i.imgur.com/1FZnFgW.png,95702,1970-01-01 00:00:01.550575318,The Incredible Shrinking Woman (not really)
GallowBoob,2621,781es9,pics,95132,https://i.redd.it/3ci4bxtgxetz.jpg,95132,1970-01-01 00:00:01.508691691,"""Getting deported by Trump"" Halloween costume"
GallowBoob,681,i80kzl,interestingasfuck,94952,https://gfycat.com/farawayringedhuman,94952,1970-01-01 00:00:01.597181449,"A herd of deer relaxing by cherry blossom trees in Nara, Japan"
GallowBoob,1062,bg0ebn,interestingasfuck,94659,https://i.redd.it/ax0n4atpjst21.jpg,94659,1970-01-01 00:00:01.555928151,"A couple decided to rebuild their deserted piece of land of 600 hectares in Aimorés, Brazil. They planted more than 2 million tree saplings. As a result, the site has 293 plant species, 172 bird species and 33 animal species, some of which were on the verge of extinction. Took 18 years."
GallowBoob,150,d8a52x,WatchPeopleDieInside,94658,https://gfycat.com/fancycoarsekrill,94658,1970-01-01 00:00:01.569261279,"If a picture is worth 1,000 words then this GIF is worth 100,000 - Greta Thunberg sees Donald Trump at the UN climate summit"
GallowBoob,5303,5ropyl,gifs,94249,https://i.imgur.com/sv8JVOC.gifv,94249,1970-01-01 00:00:01.486062222,Arnold's response
GallowBoob,2351,b6vt5o,interestingasfuck,94179,https://i.imgur.com/txAOEVQ.gifv,94179,1970-01-01 00:00:01.553857022,Shopkeeper in Turkey Finds a Husky Pup with no Heartbeat & Manages to Revive Him
GallowBoob,1757,9x3vcd,interestingasfuck,94049,https://i.redd.it/j7goo8wlxcy11.jpg,94049,1970-01-01 00:00:01.542227831,Mesh drains in Australia preventing water bodies pollution
GallowBoob,1322,6m0sbk,aww,93788,https://i.redd.it/y9x2viga7d8z.jpg,93788,1970-01-01 00:00:01.499517974,This old man is donating tennis balls to the animal shelter
GallowBoob,1021,fvnp1m,interestingasfuck,92070,https://i.redd.it/w76mzzsa23r41.png,92070,1970-01-01 00:00:01.586128990,"When it is recommended we all wear a mask this kid answered a request from local hospitals to create ""ear guards"", to help take the pressure off healthcare workers ears from wearing masks all day and made the 3D printing patterns available to everyone (in the comments)"
GallowBoob,1566,7h9sg1,aww,91749,https://i.imgur.com/fvWBdJf.gifv,91749,1970-01-01 00:00:01.512309881,Deaf grandmother teaching 9 weeks old deaf baby sign language
GallowBoob,900,bd217v,Wellthatsucks,91723,https://i.redd.it/s6c47gzhy7s21.jpg,91723,1970-01-01 00:00:01.555243031,Tony Hawk problems
GallowBoob,2065,ippro3,interestingasfuck,91408,https://i.redd.it/w4bivk3hy6m51.jpg,91408,1970-01-01 00:00:01.599687419,"Meet Jazzypurrs. She had some corneal ulcers and had to have both eyes removed. Because she originally has no fur you can clearly see her eye sockets, resulting in a gorgeous spook of a skelly cat."
GallowBoob,840,ftjxl9,nextfuckinglevel,91324,https://v.redd.it/7c8olol1sdq41,91324,1970-01-01 00:00:01.585822895,This is the perfect job. Her boyfriend works as a Raptor and loves to find her in the crowd and say hi.
GallowBoob,855,cuz2lw,interestingasfuck,91297,https://i.redd.it/patbo0xeogi31.jpg,91297,1970-01-01 00:00:01.566680650,This incredibly striking nature conservation awareness poster
GallowBoob,862,c4ph83,interestingasfuck,90802,https://i.redd.it/b39b3dgalb631.jpg,90802,1970-01-01 00:00:01.561388891,This person restores ‘unrestorable’ old photos and the results are impressive (credit: Michelle Spalding)
GallowBoob,1494,6vkma8,pics,90695,https://i.redd.it/x6zoianoxihz.jpg,90695,1970-01-01 00:00:01.503510026,Female chief in Malawi broke up 850 child marriages and sent girls back to school. Not all heroes wear capes.
GallowBoob,843,76pzna,aww,90683,https://i.imgur.com/9L8mGr8.gifv,90683,1970-01-01 00:00:01.508155224,"""BEWARE of DOG"""
GallowBoob,1264,g4vo05,nextfuckinglevel,90575,https://v.redd.it/3d1lu7cjtzt41,90575,1970-01-01 00:00:01.587399149,This girl's technique to cut her dog's nails in peace is genius and hilarious
GallowBoob,2461,9z2a0d,pics,90448,https://i.redd.it/nt36rky9vnz11.jpg,90448,1970-01-01 00:00:01.542798215,"""Shoutout to the anonymous 6th grader for saving me a couple thousand (Bus not drawn to scale)"""
GallowBoob,2099,ctzt4e,WatchPeopleDieInside,89998,https://gfycat.com/courteousexcellentibisbill,89998,1970-01-01 00:00:01.566491292,He's looking around for someone to save him. RIP my dude.
GallowBoob,1172,6m1j41,pics,89956,http://i.imgur.com/9GeS35A.jpg,89956,1970-01-01 00:00:01.499527414,This cross stitch artwork took her 4 years
GallowBoob,1731,7v8lml,pics,89923,https://i.imgur.com/39XeDFj.jpg,89923,1970-01-01 00:00:01.517769882,This guy got Biden to sign his meme
GallowBoob,1350,63l4nq,gifs,89862,http://i.imgur.com/u4B2NNR.gifv,89862,1970-01-01 00:00:01.491394330,That's the smoothest slide
GallowBoob,1337,p0m91l,interestingasfuck,89819,https://i.redd.it/b86npahi17g71.jpg,89819,1970-01-01 00:00:01.628454408,This railing on gazebo in Naples has braille describing the view for blind people. More of this please.
GallowBoob,576,7k7suq,aww,89048,https://i.redd.it/pd0p3djx6b401.jpg,89048,1970-01-01 00:00:01.513440785,Someone guessed what they're getting for Christmas.
GallowBoob,921,6upf0f,aww,89050,http://imgur.com/uNi1nW2.jpg,89050,1970-01-01 00:00:01.503153860,This guy built his dog a separate room in his house
GallowBoob,335,fbv7j3,aww,88687,https://i.imgur.com/6OIB3Pt.gifv,88687,1970-01-01 00:00:01.583075100,How to prank your stubbly corgis and hide from them
GallowBoob,1424,fgh1md,nextfuckinglevel,88418,https://v.redd.it/0tf8a50hmvl41,88418,1970-01-01 00:00:01.583859690,This corner shop giving customers math equations in exchange for free stuff if they get it right
GallowBoob,2280,67g25u,aww,88140,https://i.redd.it/y3cisxl5voty.jpg,88140,1970-01-01 00:00:01.493121451,Had no idea owls have such long legs
GallowBoob,809,6bk1de,aww,87957,http://i.imgur.com/0gdYOw9.gifv,87957,1970-01-01 00:00:01.494966659,That one goth friend
GallowBoob,2369,8l2bn5,pics,87660,https://i.imgur.com/egSX4eK.jpg,87660,1970-01-01 00:00:01.526921630,"The older man was paused at the top of an escalator afraid to hop on. This young man offered the simplest kindness: an out-reached arm and a ""can I help you on, sir?"""
GallowBoob,1760,duhnx4,nextfuckinglevel,87552,https://i.imgur.com/9NUYX1n.jpg,87552,1970-01-01 00:00:01.573420966,This divine brisket
GallowBoob,850,fhghvv,nextfuckinglevel,87119,https://i.imgur.com/B7oUP1P.gifv,87119,1970-01-01 00:00:01.584020474,This goat just kicked a drone
GallowBoob,41,agx7uc,thisismylifenow,87030,https://i.redd.it/yfgpcqi57za21.jpg,87030,1970-01-01 00:00:01.547727566,Bill Gates waiting in line for a burger like a normal citizen
GallowBoob,6673,76illg,pics,86833,https://i.redd.it/bx686rmmizrz.jpg,86833,1970-01-01 00:00:01.508069252,Full page ad in the Washington Post today. Strange times.
GallowBoob,676,d1rol9,wholesomememes,86736,https://i.redd.it/u3963s94xkl31.jpg,86736,1970-01-01 00:00:01.568039548,“General from Black Panther I shall be”
GallowBoob,1072,6so8cq,oddlysatisfying,86609,http://imgur.com/afYItU4.gifv,86609,1970-01-01 00:00:01.502310157,Archer gets swinging bottles with one arrow
GallowBoob,790,iejigl,interestingasfuck,86401,https://i.redd.it/wnwce9gveki51.jpg,86401,1970-01-01 00:00:01.598106928,When the world around you is so toxic you make your own ecosystem
GallowBoob,539,6dsy90,aww,86143,http://i.imgur.com/6Hx9FcJ.gifv,86143,1970-01-01 00:00:01.495963357,When ball is life
GallowBoob,8482,5y8hn2,pics,86124,https://i.redd.it/y85a7z97c7ky.jpg,86124,1970-01-01 00:00:01.488986669,Holy Viagra
GallowBoob,580,74ugdx,aww,86043,https://i.redd.it/f0pu29oedeqz.png,86043,1970-01-01 00:00:01.507377419,Little hedgehog camper
GallowBoob,1771,7na7wv,pics,85745,https://i.redd.it/he269f6f0b701.jpg,85745,1970-01-01 00:00:01.514746346,Mark Hamill then and now
GallowBoob,1347,aw7rl0,interestingasfuck,85633,https://i.redd.it/2te36711sjj21.jpg,85633,1970-01-01 00:00:01.551463503,"During World War II, it was common for soldiers to keep family photos under clear grips on their 1911 pistols. They were called “Sweetheart Grips.”"
GallowBoob,422,d03lls,memes,84949,https://i.redd.it/c1s1m0ss4tk31.jpg,84949,1970-01-01 00:00:01.567703139,Her superpower is scrubbing hard and a lot of love
GallowBoob,1531,6mupne,aww,84900,https://gfycat.com/BonyBlissfulIslandwhistler,84900,1970-01-01 00:00:01.499873737,Such a happy smile during his shower!
GallowBoob,1296,ijl99y,nextfuckinglevel,84872,https://i.redd.it/fhooffepm7k51.jpg,84872,1970-01-01 00:00:01.598823868,This is a wasp nest that has grown around the flood lights on a garage
GallowBoob,1277,7tln3x,pics,84710,https://i.redd.it/l67afj31huc01.jpg,84710,1970-01-01 00:00:01.517160990,"When you reach 100 years old in Barbados, you get a stamp in your honour. Lovely."
GallowBoob,454,fx5h4b,BlackPeopleTwitter,84449,https://i.redd.it/hxa7w1qg6lr41.jpg,84449,1970-01-01 00:00:01.586348310,HAPPY LELAND MELVIN DAY!
GallowBoob,855,cwcr8i,instant_regret,83999,https://i.imgur.com/TUSVSO3.gifv,83999,1970-01-01 00:00:01.566950022,When you try to help the wife with the party decorations
GallowBoob,697,f7gh2e,interestingasfuck,83984,https://i.redd.it/9fvc6wogzbi41.jpg,83984,1970-01-01 00:00:01.582314363,This student starting a firehose and a photo being taken at the exact moment. That water pattern is perfect.
GallowBoob,857,78mzqu,aww,83836,https://i.imgur.com/CpB3F7F.gifv,83836,1970-01-01 00:00:01.508930046,When he takes you to the vet instead of the park
